transaction_id,created_at,barber_name,service_name,payment_method,actual_price,commission_amount,status,payout_status
50,2026-09-22 05:58:43,ช่างยูโกะ,ดัดวอลลุ่มผมชาย (Hair Perm),cash,5.00,0.00,voided,unsettled
49,2026-09-16 04:27:51,ช่างยูโกะ,ดัดวอลลุ่มผมชาย (Hair Perm),transfer,5.00,2.50,completed,settled
48,2026-09-16 04:26:20,ช่างยูโกะ,โกนหนวดเคราจัดทรง (Beard Shave & Trim),cash,3.00,1.50,completed,settled
47,2026-09-16 04:20:56,ช่างยูโกะ,ดัดวอลลุ่มผมชาย (Hair Perm),cash,5.00,2.50,completed,settled
46,2026-09-08 05:32:33,ช่างยูโกะ,ดัดวอลลุ่มผมชาย (Hair Perm),cash,5.00,0.00,voided,settled
45,2026-09-08 05:30:39,ช่างยูโกะ,ดัดวอลลุ่มผมชาย (Hair Perm),cash,5.00,2.50,completed,settled
44,2026-09-08 05:28:31,ช่างยูโกะ,ดัดวอลลุ่มผมชาย (Hair Perm),cash,5.00,2.50,completed,settled
43,2026-09-04 07:17:14,ช่างยูโกะ,ดัดวอลลุ่มผมชาย (Hair Perm),transfer,5.00,2.50,completed,settled
42,2026-09-04 07:14:59,ช่างยูโกะ,ตัดผมชายวินเทจ (Vintage Haircut),cash,1.00,0.50,completed,settled
41,2026-09-04 07:10:01,ช่างยูโกะ,ตัดผมชายวินเทจ (Vintage Haircut),cash,1.00,0.50,completed,settled
40,2026-09-04 07:09:21,ช่างยูโกะ,ตัดผมชายวินเทจ (Vintage Haircut),cash,1.00,0.50,completed,settled
39,2026-09-04 07:00:02,ช่างยูโกะ,ตัดผมชายวินเทจ (Vintage Haircut),cash,1.00,0.50,completed,settled
38,2026-09-04 06:55:07,ช่างยูโกะ,ตัดผมชายวินเทจ (Vintage Haircut),cash,1.00,0.50,completed,settled
37,2026-09-04 06:54:13,ช่างยูโกะ,ตัดผมชายวินเทจ (Vintage Haircut),cash,1.00,0.50,completed,settled
36,2026-09-04 06:52:31,ช่างแบม,ดัดวอลลุ่มผมชาย (Hair Perm),cash,5.00,0.50,completed,unsettled
35,2026-09-04 06:51:44,ช่างยูโกะ,ตัดผมชายวินเทจ (Vintage Haircut),cash,1.00,0.50,completed,settled
34,2026-09-04 06:47:47,ช่างยูโกะ,ตัดผมชายวินเทจ (Vintage Haircut),cash,1.00,0.50,completed,settled
33,2026-09-04 06:45:55,ช่างยูโกะ,ตัดผมชายวินเทจ (Vintage Haircut),cash,1.00,0.50,completed,settled
32,2026-09-04 06:42:28,ช่างยูโกะ,ตัดผมชายวินเทจ (Vintage Haircut),cash,1.00,0.50,completed,settled
31,2026-09-04 06:35:27,ช่างยูโกะ,ตัดผมชายวินเทจ (Vintage Haircut),cash,1.00,0.50,completed,settled
30,2026-09-04 06:31:54,ช่างยูโกะ,ตัดผมชายวินเทจ (Vintage Haircut),cash,1.00,0.50,completed,settled
29,2026-09-03 13:40:28,ช่างยูโกะ,ตัดผมชายวินเทจ (Vintage Haircut),transfer,1.00,0.50,completed,settled
28,2026-09-03 13:33:12,ช่างยูโกะ,ดัดวอลลุ่มผมชาย (Hair Perm),transfer,5.00,2.50,completed,settled
27,2026-09-03 13:23:29,ช่างยูโกะ,ดัดวอลลุ่มผมชาย (Hair Perm),transfer,5.00,2.50,completed,settled
26,2026-09-03 13:20:43,ช่างยูโกะ,ดัดวอลลุ่มผมชาย (Hair Perm),transfer,5.00,2.50,completed,settled
24,2026-09-03 13:14:43,ช่างยูโกะ,ดัดวอลลุ่มผมชาย (Hair Perm),transfer,5.00,2.50,completed,settled
23,2026-09-03 10:53:23,ช่างแบม,ตัดผมชายวินเทจ (Vintage Haircut),cash,1.00,0.50,completed,unsettled
22,2026-09-03 10:53:03,ช่างยูโกะ,ตัดผมชายวินเทจ (Vintage Haircut),cash,1.00,0.50,completed,settled
21,2026-09-03 10:48:40,ช่างยูโกะ,ตัดผมชายวินเทจ (Vintage Haircut),cash,1.00,0.50,completed,settled
20,2026-09-03 10:36:43,ช่างแบม,ตัดผมชายวินเทจ (Vintage Haircut),cash,1.00,0.50,completed,unsettled
19,2026-09-03 10:34:47,ช่างแบม,ตัดผมชายวินเทจ (Vintage Haircut),cash,1.00,0.50,completed,unsettled
18,2026-09-01 17:12:10,ช่างยูโกะ,ดัดวอลลุ่มผมชาย (Hair Perm),cash,5.00,2.50,completed,settled
17,2026-09-01 17:09:04,ช่างยูโกะ,ตัดผมชายวินเทจ (Vintage Haircut),transfer,1.00,0.00,voided,settled
16,2026-09-01 16:55:08,ช่างยูโกะ,ดัดวอลลุ่มผมชาย (Hair Perm),cash,5.00,0.00,voided,unsettled
15,2026-09-01 16:04:31,ช่างยูโกะ,ดัดวอลลุ่มผมชาย (Hair Perm),cash,5.00,2.50,completed,settled
14,2026-09-01 15:50:17,ช่างยูโกะ,ตัดผมชายวินเทจ (Vintage Haircut),cash,1.00,0.50,completed,settled
13,2026-09-01 15:45:16,ช่างยูโกะ,ดัดวอลลุ่มผมชาย (Hair Perm),cash,5.00,2.50,completed,settled
12,2026-09-01 15:42:32,ช่างยูโกะ,ดัดวอลลุ่มผมชาย (Hair Perm),cash,5.00,2.50,completed,settled
11,2026-09-01 15:39:21,ช่างยูโกะ,ดัดวอลลุ่มผมชาย (Hair Perm),cash,5.00,2.50,completed,settled
10,2026-09-01 11:05:16,ช่างยูโกะ,ตัดผมชายวินเทจ (Vintage Haircut),cash,350.00,0.00,voided,unsettled
9,2026-09-01 11:04:05,ช่างยูโกะ,ตัดผมชายวินเทจ (Vintage Haircut),cash,350.00,0.00,voided,unsettled
8,2026-09-01 11:01:08,ช่างยูโกะ,ตัดผมชายวินเทจ (Vintage Haircut),cash,350.00,175.00,completed,settled
7,2026-09-01 10:25:34,ช่างยูโกะ,ดัดวอลลุ่มผมชาย (Hair Perm),cash,1500.00,750.00,completed,settled
6,2026-09-01 10:19:54,ช่างยูโกะ,ตัดผมชายวินเทจ (Vintage Haircut),cash,350.00,175.00,completed,settled
5,2026-09-01 10:18:19,ช่างยูโกะ,โกนหนวดเคราจัดทรง (Beard Shave & Trim),cash,250.00,125.00,completed,settled
4,2026-09-01 09:50:13,ช่างยูโกะ,ตัดผมชายวินเทจ (Vintage Haircut),cash,350.00,175.00,completed,settled
3,2026-09-01 09:47:35,ช่างยูโกะ,ตัดผมชายวินเทจ (Vintage Haircut),cash,350.00,175.00,completed,settled
2,2026-09-01 09:45:51,ช่างยูโกะ,ตัดผมชายวินเทจ (Vintage Haircut),cash,350.00,175.00,completed,settled
1,2026-09-01 09:34:15,ช่างยูโกะ,ตัดผมชายวินเทจ (Vintage Haircut),cash,350.00,175.00,completed,settled
